method,calibration_budget_videos,direction,scorer,seed_count,threshold_false_positive_rate,absolute_fpr_error,threshold_recall,false_alarm_events_per_hour,micro_auroc,auprc,tpr_at_1pct_fpr,tpr_at_0_1pct_fpr,q95_transfer_ratio,q99_transfer_ratio
B0_pooled_q99,,avenue_to_ped2,gaussian,1,1.0,0.99,1.0,143.28358250382377,0.6929360215630531,0.9209619169884193,0.22269417475728157,0.10436893203883495,15.644571309423782,10.572823574366835
B0_pooled_q99,,avenue_to_ped2,knn,1,1.0,0.99,1.0,143.28358250382377,0.6540507831357614,0.9057300707074043,0.12742718446601942,0.044902912621359224,7.891013039150989,6.500979011854768
B0_pooled_q99,,avenue_to_ped2,prototype,3,1.0,0.9899999999999999,1.0,143.28358250382377,0.5353383307407605,0.8396916231369341,0.03114886731391586,0.008899676375404529,8.085816484595282,6.681944074390773
B0_pooled_q99,,ped2_to_avenue,gaussian,1,1.0,0.99,1.0,499.216913744142,0.3566570922470215,0.20003216727428388,0.01697198275862069,0.010775862068965518,39.51491482739186,32.42249971771891
B0_pooled_q99,,ped2_to_avenue,knn,1,1.0,0.99,1.0,499.216913744142,0.37378312194875696,0.19128157324547604,0.009159482758620689,0.002963362068965517,14.260344413819226,12.657895611825131
B0_pooled_q99,,ped2_to_avenue,prototype,3,1.0,0.9899999999999999,1.0,499.216913744142,0.37594726496767117,0.19098994186068086,0.007273706896551724,0.0029633620689655167,15.307412712986482,13.22088299070713
B1_source_mean_std,,avenue_to_ped2,gaussian,1,1.0,0.99,1.0,143.28358250382377,0.6929360215630531,0.9209619169884193,0.22269417475728157,0.10436893203883495,28.2716736670279,14.794756627636314
B1_source_mean_std,,avenue_to_ped2,knn,1,1.0,0.99,1.0,143.28358250382377,0.6540507831357614,0.9057300707074043,0.12742718446601942,0.044902912621359224,15.414753324587728,10.516026246210982
B1_source_mean_std,,avenue_to_ped2,prototype,3,1.0,0.9899999999999999,1.0,143.28358250382377,0.5353383307407605,0.8396916231369341,0.03114886731391586,0.008899676375404529,15.402454692203738,10.708519796302658
B1_source_mean_std,,ped2_to_avenue,gaussian,1,1.0,0.99,1.0,499.216913744142,0.3566570922470215,0.20003216727428388,0.01697198275862069,0.010775862068965518,104.10821772569375,64.00277372861271
B1_source_mean_std,,ped2_to_avenue,knn,1,1.0,0.99,1.0,499.216913744142,0.37378312194875696,0.19128157324547604,0.009159482758620689,0.002963362068965517,48.61605137230444,32.52584965274496
B1_source_mean_std,,ped2_to_avenue,prototype,3,1.0,0.9899999999999999,1.0,499.216913744142,0.37594726496767117,0.19098994186068086,0.007273706896551724,0.0029633620689655167,44.13535096806758,29.36151103043259
B2_source_median_mad,,avenue_to_ped2,gaussian,1,1.0,0.99,1.0,143.28358250382377,0.6929360215630531,0.9209619169884193,0.22269417475728157,0.10436893203883495,22.313800108413247,13.069116876991659
B2_source_median_mad,,avenue_to_ped2,knn,1,1.0,0.99,1.0,143.28358250382377,0.6540507831357614,0.9057300707074043,0.12742718446601942,0.044902912621359224,12.532392385130436,9.15369326775202
B2_source_median_mad,,avenue_to_ped2,prototype,3,1.0,0.9899999999999999,1.0,143.28358250382377,0.5353383307407605,0.8396916231369341,0.03114886731391586,0.008899676375404529,12.622877090505009,9.339747179925014
B2_source_median_mad,,ped2_to_avenue,gaussian,1,1.0,0.99,1.0,499.216913744142,0.3566570922470215,0.20003216727428388,0.01697198275862069,0.010775862068965518,93.03363971840815,59.765198612723665
B2_source_median_mad,,ped2_to_avenue,knn,1,1.0,0.99,1.0,499.216913744142,0.37378312194875696,0.19128157324547604,0.009159482758620689,0.002963362068965517,43.93025522636893,30.414000404077125
B2_source_median_mad,,ped2_to_avenue,prototype,3,1.0,0.9899999999999999,1.0,499.216913744142,0.37594726496767117,0.19098994186068086,0.007273706896551724,0.0029633620689655167,39.876310646655035,27.462468876485456
B3_video_balanced_q99,,avenue_to_ped2,gaussian,1,1.0,0.99,1.0,143.28358250382377,0.6929360215630531,0.9209619169884193,0.22269417475728157,0.10436893203883495,15.644571309423782,10.572823574366835
B3_video_balanced_q99,,avenue_to_ped2,knn,1,1.0,0.99,1.0,143.28358250382377,0.6540507831357614,0.9057300707074043,0.12742718446601942,0.044902912621359224,7.891013039150989,6.500979011854768
B3_video_balanced_q99,,avenue_to_ped2,prototype,3,1.0,0.9899999999999999,1.0,143.28358250382377,0.5353383307407605,0.8396916231369341,0.03114886731391586,0.008899676375404529,8.085816484595282,6.681944074390773
B3_video_balanced_q99,,ped2_to_avenue,gaussian,1,1.0,0.99,1.0,499.216913744142,0.3566570922470215,0.20003216727428388,0.01697198275862069,0.010775862068965518,39.51491482739186,32.42249971771891
B3_video_balanced_q99,,ped2_to_avenue,knn,1,1.0,0.99,1.0,499.216913744142,0.37378312194875696,0.19128157324547604,0.009159482758620689,0.002963362068965517,14.260344413819226,12.657895611825131
B3_video_balanced_q99,,ped2_to_avenue,prototype,3,1.0,0.9899999999999999,1.0,499.216913744142,0.37594726496767117,0.19098994186068086,0.007273706896551724,0.0029633620689655167,15.307412712986482,13.22088299070713
B4_conditional_location,,avenue_to_ped2,gaussian,1,1.0,0.99,1.0,143.28358250382377,0.530918105991525,0.8363824309761161,0.016383495145631068,0.0054611650485436895,6.315489334220439,4.637147958731202
B4_conditional_location,,avenue_to_ped2,knn,1,1.0,0.99,1.0,143.28358250382377,0.4911595505015287,0.8149724517943102,0.00424757281553398,0.0018203883495145632,5.7973114528061975,4.174069160025288
B4_conditional_location,,avenue_to_ped2,prototype,3,1.0,0.9899999999999999,1.0,143.28358250382377,0.3991539496504497,0.7743449764081736,0.003033980582524272,0.0008090614886731391,5.454835415781038,3.879411800594264
B4_conditional_location,,ped2_to_avenue,gaussian,1,1.0,0.99,1.0,499.216913744142,0.3582262366814354,0.18792548881872728,0.006734913793103448,0.00026939655172413793,12.71487467996569,8.382416533397448
B4_conditional_location,,ped2_to_avenue,knn,1,1.0,0.99,1.0,499.216913744142,0.3441644187567558,0.18441677503985168,0.010775862068965518,0.0010775862068965517,11.118225031847157,7.969710378612628
B4_conditional_location,,ped2_to_avenue,prototype,3,1.0,0.9899999999999999,1.0,499.216913744142,0.35663139455666154,0.19203776428351002,0.015176005747126436,0.00305316091954023,8.356120054820503,6.48004642527451
CAL_empirical_cdf,1,avenue_to_ped2,gaussian,1,0.19337016574585636,0.18337016574585635,0.5127427184466019,537.3134343893391,0.6657014361958912,0.8918950107346816,0.0,0.0,1.5364561178946246,1.0156066857150319
CAL_empirical_cdf,1,avenue_to_ped2,knn,1,0.013812154696132596,0.003812154696132596,0.14502427184466019,71.64179125191188,0.6517040578233116,0.8983077941712535,0.0,0.0,1.0858448258959408,1.007545896545348
CAL_empirical_cdf,1,avenue_to_ped2,prototype,3,0.0,0.01,0.0038430420711974105,0.0,0.5354749436785925,0.8387367654194634,0.019619741100323624,0.0050566343042071195,0.9392867386988634,0.8380524176732429
CAL_empirical_cdf,1,ped2_to_avenue,gaussian,1,0.02006544953496383,0.010065449534963829,0.026131465517241378,475.7243530973588,0.3565962042647618,0.1930165395788277,0.0,0.0,0.797724919077306,1.3549610020626206
CAL_empirical_cdf,1,ped2_to_avenue,knn,1,0.017137444023424046,0.007137444023424045,0.010775862068965518,299.53014824648517,0.3738267144496775,0.18997400745174398,0.009159482758620689,0.0,0.8620488219070838,1.0989417871108966
CAL_empirical_cdf,1,ped2_to_avenue,prototype,3,0.02273510161901481,0.012735101619014812,0.009698275862068966,401.33124438254555,0.3759337355938268,0.18974759179123227,0.0047593390804597695,0.0,0.8877509550328058,1.1775308514617815
CAL_empirical_cdf,2,avenue_to_ped2,gaussian,1,0.19337016574585636,0.18337016574585635,0.5127427184466019,537.3134343893391,0.6661682669098321,0.892687621630654,0.0,0.0,1.7306083037249032,1.1439424420564581
CAL_empirical_cdf,2,avenue_to_ped2,knn,1,0.013812154696132596,0.003812154696132596,0.15109223300970873,71.64179125191188,0.6517434492839135,0.8996255259891829,0.0,0.0,1.1855072871504038,1.1723617924007848
CAL_empirical_cdf,2,avenue_to_ped2,prototype,3,0.0,0.01,0.0050566343042071195,0.0,0.5353813540381556,0.8386699170074859,0.019619741100323624,0.0050566343042071195,1.0813218167019831,0.940058801174349
CAL_empirical_cdf,2,ped2_to_avenue,gaussian,1,0.004564243885635549,0.005435756114364451,0.013469827586206896,176.19420485087363,0.35667932929445756,0.1997688842501661,0.01697198275862069,0.010775862068965518,0.7131334762964362,0.8469094713478625
CAL_empirical_cdf,2,ped2_to_avenue,knn,1,0.0004305890458146745,0.009569410954185325,0.0018857758620689656,17.619420485087364,0.3738302176256429,0.19151641951749077,0.009159482758620689,0.002963362068965517,0.8282570530747202,0.8665699936802638
CAL_empirical_cdf,2,ped2_to_avenue,prototype,3,0.0006602365369158342,0.009339763463084166,0.0022449712643678164,19.577133872319294,0.37594505711615217,0.1912322006930486,0.007273706896551724,0.0029633620689655167,0.8344468490410596,0.8494747080484445
CAL_empirical_cdf,4,avenue_to_ped2,gaussian,1,0.0027624309392265192,0.007237569060773481,0.14441747572815533,17.91044781297797,0.6929150686584777,0.9204282781894332,0.2220873786407767,0.0970873786407767,0.9965042548163038,0.865008346866288
CAL_empirical_cdf,4,avenue_to_ped2,knn,1,0.0027624309392265192,0.007237569060773481,0.050970873786407765,17.91044781297797,0.6540558118328595,0.90524675773142,0.11953883495145631,0.04429611650485437,0.942450985293644,0.9089087365902946
CAL_empirical_cdf,4,avenue_to_ped2,prototype,3,0.0,0.01,0.006067961165048544,0.0,0.535405938779524,0.8394544927783123,0.030542071197410998,0.007483818770226536,0.9586755642518288,0.8739362538069392
CAL_empirical_cdf,4,ped2_to_avenue,gaussian,1,0.0,0.01,0.003771551724137931,0.0,0.35668239167344723,0.2003285855962897,0.01697198275862069,0.010775862068965518,0.6879118060769078,0.6786678839332627
CAL_empirical_cdf,4,ped2_to_avenue,knn,1,0.0,0.01,0.0,0.0,0.37381915130156673,0.19153565216847773,0.009159482758620689,0.002963362068965517,0.8196107157963465,0.7901566580570677
CAL_empirical_cdf,4,ped2_to_avenue,prototype,3,0.0,0.01,0.0,0.0,0.3759474660329583,0.1911993282724238,0.007273706896551724,0.0029633620689655167,0.8032963417255986,0.7681383933058434
CAL_mean_std,1,avenue_to_ped2,gaussian,1,0.011049723756906077,0.0010497237569060767,0.2342233009708738,71.64179125191188,0.6929360215630531,0.9209619169884193,0.22269417475728157,0.10436893203883495,1.3548665036736702,1.0062442177404194
CAL_mean_std,1,avenue_to_ped2,knn,1,0.03867403314917127,0.028674033149171267,0.2354368932038835,143.28358250382377,0.6540507831357614,0.9057300707074043,0.12742718446601942,0.044902912621359224,1.208126797692664,1.1030910528628872
CAL_mean_std,1,avenue_to_ped2,prototype,3,0.004604051565377532,0.005395948434622468,0.014967637540453072,29.85074635496328,0.5353383307407605,0.8396916231369341,0.03114886731391586,0.008899676375404529,1.0357783854889187,0.9228472420984399
CAL_mean_std,1,ped2_to_avenue,gaussian,1,0.0,0.01,0.0,0.0,0.3566570922470215,0.20003216727428388,0.01697198275862069,0.010775862068965518,0.8192609178997602,0.7166994893853436
CAL_mean_std,1,ped2_to_avenue,knn,1,0.0,0.01,0.0,0.0,0.37378312194875696,0.19128157324547604,0.009159482758620689,0.002963362068965517,0.8865912593310195,0.809698356701225
CAL_mean_std,1,ped2_to_avenue,prototype,3,0.0,0.01,0.0,0.0,0.37594726496767117,0.19098994186068086,0.007273706896551724,0.0029633620689655167,0.8787638509752985,0.7874737738537688
CAL_mean_std,2,avenue_to_ped2,gaussian,1,0.027624309392265192,0.01762430939226519,0.28640776699029125,107.46268687786782,0.6929360215630531,0.9209619169884193,0.22269417475728157,0.10436893203883495,1.4169546313484886,1.0560980888326281
CAL_mean_std,2,avenue_to_ped2,knn,1,0.024861878453038673,0.014861878453038673,0.20813106796116504,89.55223906488986,0.6540507831357614,0.9057300707074043,0.12742718446601942,0.044902912621359224,1.1784761371016323,1.0927791474925808
CAL_mean_std,2,avenue_to_ped2,prototype,3,0.010128913443830571,0.0012707182320441986,0.033373786407766996,65.67164198091923,0.5353383307407605,0.8396916231369341,0.03114886731391586,0.008899676375404529,1.1059392755164341,0.9946452531187308
CAL_mean_std,2,ped2_to_avenue,gaussian,1,0.0,0.01,0.0,0.0,0.3566570922470215,0.20003216727428388,0.01697198275862069,0.010775862068965518,0.788542278501809,0.6887569470729904
CAL_mean_std,2,ped2_to_avenue,knn,1,0.0,0.01,0.0,0.0,0.37378312194875696,0.19128157324547604,0.009159482758620689,0.002963362068965517,0.8662389849887617,0.7926675621121383
CAL_mean_std,2,ped2_to_avenue,prototype,3,0.0,0.01,0.0,0.0,0.37594726496767117,0.19098994186068086,0.007273706896551724,0.0029633620689655167,0.8559787103474267,0.7683812937726578
CAL_mean_std,4,avenue_to_ped2,gaussian,1,0.0,0.01,0.05339805825242718,0.0,0.6929360215630531,0.9209619169884193,0.22269417475728157,0.10436893203883495,0.9971692488899955,0.7514431805166121
CAL_mean_std,4,avenue_to_ped2,knn,1,0.0027624309392265192,0.007237569060773481,0.058859223300970875,17.91044781297797,0.6540507831357614,0.9057300707074043,0.12742718446601942,0.044902912621359224,0.9421127670801067,0.8830748671345211
CAL_mean_std,4,avenue_to_ped2,prototype,3,0.0009208103130755064,0.009079189686924493,0.008495145631067959,5.970149270992657,0.5353383307407605,0.8396916231369341,0.03114886731391586,0.008899676375404529,0.9914693183931208,0.889207074548421
CAL_mean_std,4,ped2_to_avenue,gaussian,1,0.0,0.01,0.0,0.0,0.3566570922470215,0.20003216727428388,0.01697198275862069,0.010775862068965518,0.7558496974121951,0.663563331160851
CAL_mean_std,4,ped2_to_avenue,knn,1,0.0,0.01,0.0,0.0,0.37378312194875696,0.19128157324547604,0.009159482758620689,0.002963362068965517,0.8485251750270854,0.7774519389001088
CAL_mean_std,4,ped2_to_avenue,prototype,3,0.0,0.01,0.0,0.0,0.37594726496767117,0.19098994186068086,0.007273706896551724,0.0029633620689655167,0.8357296207768341,0.7512310371800361
CAL_median_mad,1,avenue_to_ped2,gaussian,1,0.0,0.01,0.0012135922330097086,0.0,0.6929360215630531,0.9209619169884193,0.22269417475728157,0.10436893203883495,0.7903291019399699,0.5808976302963632
CAL_median_mad,1,avenue_to_ped2,knn,1,0.022099447513812154,0.012099447513812154,0.20145631067961164,89.55223906488986,0.6540507831357614,0.9057300707074043,0.12742718446601942,0.044902912621359224,1.170391782153324,1.0789416689060642
CAL_median_mad,1,avenue_to_ped2,prototype,3,0.009208103130755063,0.0014917127071823206,0.0279126213592233,59.701492709926576,0.5353383307407605,0.8396916231369341,0.03114886731391586,0.008899676375404529,1.068972907419342,0.9647766910711368
CAL_median_mad,1,ped2_to_avenue,gaussian,1,0.0,0.01,0.0,0.0,0.3566570922470215,0.20003216727428388,0.01697198275862069,0.010775862068965518,0.6822931395850516,0.584688534951643
CAL_median_mad,1,ped2_to_avenue,knn,1,0.0,0.01,0.0,0.0,0.37378312194875696,0.19128157324547604,0.009159482758620689,0.002963362068965517,0.7984138886882892,0.7212441940668658
CAL_median_mad,1,ped2_to_avenue,prototype,3,0.0,0.01,0.0,0.0,0.37594726496767117,0.19098994186068086,0.007273706896551724,0.0029633620689655167,0.7755876177068616,0.6883928058801944
CAL_median_mad,2,avenue_to_ped2,gaussian,1,0.0,0.01,0.00849514563106796,0.0,0.6929360215630531,0.9209619169884193,0.22269417475728157,0.10436893203883495,0.8518548279791368,0.629335990053333
CAL_median_mad,2,avenue_to_ped2,knn,1,0.0027624309392265192,0.007237569060773481,0.07220873786407767,17.91044781297797,0.6540507831357614,0.9057300707074043,0.12742718446601942,0.044902912621359224,0.9666433976137212,0.9038016966120493
CAL_median_mad,2,avenue_to_ped2,prototype,3,0.0027624309392265192,0.00723756906077348,0.011529126213592233,17.91044781297797,0.5353383307407605,0.8396916231369341,0.03114886731391586,0.008899676375404529,0.9824414199645503,0.8921333949298806
CAL_median_mad,2,ped2_to_avenue,gaussian,1,0.0,0.01,0.0,0.0,0.3566570922470215,0.20003216727428388,0.01697198275862069,0.010775862068965518,0.6649882073642513,0.5705313683670604
CAL_median_mad,2,ped2_to_avenue,knn,1,0.0,0.01,0.0,0.0,0.37378312194875696,0.19128157324547604,0.009159482758620689,0.002963362068965517,0.7779542994358344,0.7018723886115541
CAL_median_mad,2,ped2_to_avenue,prototype,3,0.0,0.01,0.0,0.0,0.37594726496767117,0.19098994186068086,0.007273706896551724,0.0029633620689655167,0.7553667202745155,0.6699343507797435
CAL_median_mad,4,avenue_to_ped2,gaussian,1,0.0,0.01,0.0,0.0,0.6929360215630531,0.9209619169884193,0.22269417475728157,0.10436893203883495,0.5985559335400062,0.4443331539171494
CAL_median_mad,4,avenue_to_ped2,knn,1,0.0,0.01,0.01820388349514563,0.0,0.6540507831357614,0.9057300707074043,0.12742718446601942,0.044902912621359224,0.7934842383823715,0.7541308451530204
CAL_median_mad,4,avenue_to_ped2,prototype,3,0.0,0.01,0.0026294498381877023,0.0,0.5353383307407605,0.8396916231369341,0.03114886731391586,0.008899676375404529,0.8760928335635197,0.7899421507617265
CAL_median_mad,4,ped2_to_avenue,gaussian,1,0.0,0.01,0.0,0.0,0.3566570922470215,0.20003216727428388,0.01697198275862069,0.010775862068965518,0.6583055510850094,0.5666835828788315
CAL_median_mad,4,ped2_to_avenue,knn,1,0.0,0.01,0.0,0.0,0.37378312194875696,0.19128157324547604,0.009159482758620689,0.002963362068965517,0.7818874147185212,0.7083220203704583
CAL_median_mad,4,ped2_to_avenue,prototype,3,0.0,0.01,0.0,0.0,0.37594726496767117,0.19098994186068086,0.007273706896551724,0.0029633620689655167,0.7599689317484781,0.6771054444179542
CAL_quantile_q99,1,avenue_to_ped2,gaussian,1,0.24861878453038674,0.23861878453038673,0.5588592233009708,662.686569080185,0.6929360215630531,0.9209619169884193,0.22269417475728157,0.10436893203883495,15.644571309423782,10.572823574366835
CAL_quantile_q99,1,avenue_to_ped2,knn,1,0.013812154696132596,0.003812154696132596,0.15109223300970873,71.64179125191188,0.6540507831357614,0.9057300707074043,0.12742718446601942,0.044902912621359224,7.891013039150989,6.500979011854768
CAL_quantile_q99,1,avenue_to_ped2,prototype,3,0.0,0.01,0.0050566343042071195,0.0,0.5353383307407605,0.8396916231369341,0.03114886731391586,0.008899676375404529,8.085816484595282,6.681944074390773
CAL_quantile_q99,1,ped2_to_avenue,gaussian,1,0.020151567344126764,0.010151567344126764,0.026131465517241378,475.7243530973588,0.3566570922470215,0.20003216727428388,0.01697198275862069,0.010775862068965518,39.51491482739186,32.42249971771891
CAL_quantile_q99,1,ped2_to_avenue,knn,1,0.017309679641749915,0.007309679641749915,0.010775862068965518,305.40328840818097,0.37378312194875696,0.19128157324547604,0.009159482758620689,0.002963362068965517,14.260344413819226,12.657895611825131
CAL_quantile_q99,1,ped2_to_avenue,prototype,3,0.023079572855666555,0.013079572855666551,0.009788074712643677,395.4581042208497,0.37594726496767117,0.19098994186068086,0.007273706896551724,0.0029633620689655167,15.307412712986482,13.22088299070713
CAL_quantile_q99,2,avenue_to_ped2,gaussian,1,0.20994475138121546,0.19994475138121545,0.5388349514563107,608.955225641251,0.6929360215630531,0.9209619169884193,0.22269417475728157,0.10436893203883495,15.644571309423782,10.572823574366835
CAL_quantile_q99,2,avenue_to_ped2,knn,1,0.049723756906077346,0.039723756906077344,0.25485436893203883,143.28358250382377,0.6540507831357614,0.9057300707074043,0.12742718446601942,0.044902912621359224,7.891013039150989,6.500979011854768
CAL_quantile_q99,2,avenue_to_ped2,prototype,3,0.0036832412523020255,0.006316758747697974,0.01395631067961165,23.880597083970628,0.5353383307407605,0.8396916231369341,0.03114886731391586,0.008899676375404529,8.085816484595282,6.681944074390773
CAL_quantile_q99,2,ped2_to_avenue,gaussian,1,0.0047364795039614195,0.005263520496038581,0.013469827586206896,187.9404851742652,0.3566570922470215,0.20003216727428388,0.01697198275862069,0.010775862068965518,39.51491482739186,32.42249971771891
CAL_quantile_q99,2,ped2_to_avenue,knn,1,0.0004305890458146745,0.009569410954185325,0.0018857758620689656,17.619420485087364,0.37378312194875696,0.19128157324547604,0.009159482758620689,0.002963362068965517,14.260344413819226,12.657895611825131
CAL_quantile_q99,2,ped2_to_avenue,prototype,3,0.0006602365369158342,0.009339763463084166,0.002334770114942529,19.577133872319294,0.37594726496767117,0.19098994186068086,0.007273706896551724,0.0029633620689655167,15.307412712986482,13.22088299070713
CAL_quantile_q99,4,avenue_to_ped2,gaussian,1,0.0027624309392265192,0.007237569060773481,0.16201456310679613,17.91044781297797,0.6929360215630531,0.9209619169884193,0.22269417475728157,0.10436893203883495,15.644571309423782,10.572823574366835
CAL_quantile_q99,4,avenue_to_ped2,knn,1,0.0027624309392265192,0.007237569060773481,0.05157766990291262,17.91044781297797,0.6540507831357614,0.9057300707074043,0.12742718446601942,0.044902912621359224,7.891013039150989,6.500979011854768
CAL_quantile_q99,4,avenue_to_ped2,prototype,3,0.0018416206261510127,0.008158379373848987,0.008697411003236245,11.940298541985314,0.5353383307407605,0.8396916231369341,0.03114886731391586,0.008899676375404529,8.085816484595282,6.681944074390773
CAL_quantile_q99,4,ped2_to_avenue,gaussian,1,0.0,0.01,0.003771551724137931,0.0,0.3566570922470215,0.20003216727428388,0.01697198275862069,0.010775862068965518,39.51491482739186,32.42249971771891
CAL_quantile_q99,4,ped2_to_avenue,knn,1,0.0,0.01,0.0,0.0,0.37378312194875696,0.19128157324547604,0.009159482758620689,0.002963362068965517,14.260344413819226,12.657895611825131
CAL_quantile_q99,4,ped2_to_avenue,prototype,3,0.0,0.01,0.0,0.0,0.37594726496767117,0.19098994186068086,0.007273706896551724,0.0029633620689655167,15.307412712986482,13.22088299070713
