experiment,method,name,residual_variance_ratio,scene_probe,score_artifact,scorer,seed,selected_epoch,source_threshold,strict_zero_shot_auprc,strict_zero_shot_false_alarm_events_per_hour,strict_zero_shot_macro_scene_auroc,strict_zero_shot_macro_video_auroc,strict_zero_shot_micro_auroc,strict_zero_shot_threshold_false_positive_rate,strict_zero_shot_threshold_recall,strict_zero_shot_tpr_at_0_1pct_fpr,strict_zero_shot_tpr_at_1pct_fpr,strict_zero_shot_worst_scene_auroc,target_calibrated_threshold,target_normal_calibration_auprc,target_normal_calibration_false_alarm_events_per_hour,target_normal_calibration_macro_scene_auroc,target_normal_calibration_macro_video_auroc,target_normal_calibration_micro_auroc,target_normal_calibration_threshold_false_positive_rate,target_normal_calibration_threshold_recall,target_normal_calibration_tpr_at_0_1pct_fpr,target_normal_calibration_tpr_at_1pct_fpr,target_normal_calibration_worst_scene_auroc
ped2_within_raw,raw,raw_knn,1.0,,runs/ped2_within_raw/seed_13/raw_knn/scores.npz,knn,13,,296.2152048664191,0.9741248922456831,0.0,0.880615378426219,0.8730467852906233,0.880615378426219,0.0,0.5673543689320388,0.5734223300970874,0.6614077669902912,0.880615378426219,272.47948237492744,0.9741248922456831,17.91044781297797,0.880615378426219,0.8730467852906233,0.880615378426219,0.0027624309392265192,0.6019417475728155,0.5734223300970874,0.6614077669902912,0.880615378426219
ped2_within_raw,raw,raw_gaussian,1.0,,runs/ped2_within_raw/seed_13/raw_gaussian/scores.npz,gaussian,13,,721.6865367948274,0.9779567454886328,17.91044781297797,0.898224199431422,0.8912054571015122,0.898224199431422,0.0027624309392265192,0.6237864077669902,0.5855582524271845,0.6844660194174758,0.898224199431422,839.4010644073259,0.9779567454886328,17.91044781297797,0.898224199431422,0.8912054571015122,0.898224199431422,0.0027624309392265192,0.5946601941747572,0.5855582524271845,0.6844660194174758,0.898224199431422
ped2_within_raw,raw,raw_prototype,1.0,,runs/ped2_within_raw/seed_13/raw_prototype/scores.npz,prototype,13,,277.6405239581245,0.9744105677504932,0.0,0.8821943893150244,0.8658450411570632,0.8821943893150244,0.0,0.5728155339805825,0.6037621359223301,0.6565533980582524,0.8821943893150244,290.84288620254665,0.9744105677504932,0.0,0.8821943893150244,0.8658450411570632,0.8821943893150244,0.0,0.554004854368932,0.6037621359223301,0.6565533980582524,0.8821943893150244
ped2_within_raw,scene_mean,scene_mean_prototype,0.08671289682388306,,runs/ped2_within_raw/seed_13/scene_mean_prototype/scores.npz,prototype,13,,277.6405228594376,0.9744105677504932,0.0,0.8821943893150244,0.8658450411570632,0.8821943893150244,0.0,0.5728155339805825,0.6037621359223301,0.6565533980582524,0.8821943893150244,290.8428870550518,0.9744105677504932,0.0,0.8821943893150244,0.8658450411570632,0.8821943893150244,0.0,0.554004854368932,0.6037621359223301,0.6565533980582524,0.8821943893150244
ped2_within_raw,raw,raw_prototype,1.0,,runs/ped2_within_raw/seed_29/raw_prototype/scores.npz,prototype,29,,278.24591226395114,0.9734702958518726,0.0,0.8777574022421284,0.8615155189123314,0.8777574022421284,0.0,0.5746359223300971,0.6080097087378641,0.6589805825242718,0.8777574022421284,285.30662478963586,0.9734702958518726,0.0,0.8777574022421284,0.8615155189123314,0.8777574022421284,0.0,0.5625,0.6080097087378641,0.6589805825242718,0.8777574022421284
ped2_within_raw,scene_mean,scene_mean_prototype,0.08671289682388306,,runs/ped2_within_raw/seed_29/scene_mean_prototype/scores.npz,prototype,29,,278.2459124136268,0.9734702958518726,0.0,0.8777574022421284,0.8615155189123314,0.8777574022421284,0.0,0.5746359223300971,0.6080097087378641,0.6589805825242718,0.8777574022421284,285.306624104574,0.9734702958518726,0.0,0.8777574022421284,0.8615155189123314,0.8777574022421284,0.0,0.5625,0.6080097087378641,0.6589805825242718,0.8777574022421284
ped2_within_raw,raw,raw_prototype,1.0,,runs/ped2_within_raw/seed_43/raw_prototype/scores.npz,prototype,43,,282.6933352753449,0.9740457542540818,0.0,0.8806304645175133,0.8674439236674452,0.8806304645175133,0.0,0.5631067961165048,0.6104368932038835,0.6668689320388349,0.8806304645175133,284.95627183798024,0.9740457542540818,0.0,0.8806304645175133,0.8674439236674452,0.8806304645175133,0.0,0.5600728155339806,0.6104368932038835,0.6668689320388349,0.8806304645175133
ped2_within_raw,scene_mean,scene_mean_prototype,0.08671289682388306,,runs/ped2_within_raw/seed_43/scene_mean_prototype/scores.npz,prototype,43,,282.6933350945714,0.9740457542540818,0.0,0.8806304645175133,0.8674439236674452,0.8806304645175133,0.0,0.5631067961165048,0.6104368932038835,0.6668689320388349,0.8806304645175133,284.9562713080828,0.9740457542540818,0.0,0.8806304645175133,0.8674439236674452,0.8806304645175133,0.0,0.5600728155339806,0.6104368932038835,0.6668689320388349,0.8806304645175133
avenue_within_raw,raw,raw_knn,1.0,,runs/avenue_within_raw/seed_13/raw_knn/scores.npz,knn,13,,681.4528927482859,0.4155390331413516,293.6570080847894,0.6147512383147041,0.6916274696895354,0.6147512383147041,0.019634860489149156,0.12769396551724138,0.04337284482758621,0.10317887931034483,0.6147512383147041,561.407208664161,0.4155390331413516,757.6350808587566,0.6147512383147041,0.6916274696895354,0.6147512383147041,0.059421288322425075,0.20770474137931033,0.04337284482758621,0.10317887931034483,0.6147512383147041
avenue_within_raw,raw,raw_gaussian,1.0,,runs/avenue_within_raw/seed_13/raw_gaussian/scores.npz,gaussian,13,,3046.4512453571224,0.41831485933301943,276.037587599702,0.610940154061791,0.6889835700481765,0.610940154061791,0.015759559076817087,0.11988146551724138,0.05091594827586207,0.10614224137931035,0.610940154061791,2193.931568451743,0.41831485933301943,810.4933423140187,0.610940154061791,0.6889835700481765,0.610940154061791,0.06708577333792629,0.22171336206896552,0.05091594827586207,0.10614224137931035,0.610940154061791
avenue_within_raw,raw,raw_prototype,1.0,,runs/avenue_within_raw/seed_13/raw_prototype/scores.npz,prototype,13,,734.3009418169618,0.42362293811481727,276.037587599702,0.6203046074141495,0.6944619348606246,0.6203046074141495,0.02092662762659318,0.14358836206896552,0.043642241379310345,0.10371767241379311,0.6203046074141495,634.1921699343529,0.42362293811481727,651.9185579482324,0.6203046074141495,0.6944619348606246,0.6203046074141495,0.04426455390974854,0.2009698275862069,0.043642241379310345,0.10371767241379311,0.6203046074141495
avenue_within_raw,scene_mean,scene_mean_prototype,0.09676969051361084,,runs/avenue_within_raw/seed_13/scene_mean_prototype/scores.npz,prototype,13,,734.3009495390754,0.42362293811481727,276.037587599702,0.6203046074141495,0.6944619348606246,0.6203046074141495,0.02092662762659318,0.14358836206896552,0.043642241379310345,0.10371767241379311,0.6203046074141495,634.1921763021583,0.42362293811481727,651.9185579482324,0.6203046074141495,0.6944619348606246,0.6203046074141495,0.04426455390974854,0.2009698275862069,0.043642241379310345,0.10371767241379311,0.6203046074141495
avenue_within_raw,raw,raw_prototype,1.0,,runs/avenue_within_raw/seed_29/raw_prototype/scores.npz,prototype,29,,726.7230169270697,0.42389244896447,299.53014824648517,0.6200711242160309,0.6900120478417029,0.6200711242160309,0.022476748191526008,0.1497844827586207,0.04714439655172414,0.10533405172413793,0.6200711242160309,626.0208159585991,0.42389244896447,663.664838271624,0.6200711242160309,0.6900120478417029,0.6200711242160309,0.047364795039614195,0.20420258620689655,0.04714439655172414,0.10533405172413793,0.6200711242160309
avenue_within_raw,scene_mean,scene_mean_prototype,0.09676969051361084,,runs/avenue_within_raw/seed_29/scene_mean_prototype/scores.npz,prototype,29,,726.7230153080689,0.42389244896447,299.53014824648517,0.6200711242160309,0.6900120478417029,0.6200711242160309,0.022476748191526008,0.1497844827586207,0.04714439655172414,0.10533405172413793,0.6200711242160309,626.0208180625692,0.42389244896447,663.664838271624,0.6200711242160309,0.6900120478417029,0.6200711242160309,0.047364795039614195,0.20420258620689655,0.04714439655172414,0.10533405172413793,0.6200711242160309
avenue_within_raw,raw,raw_prototype,1.0,,runs/avenue_within_raw/seed_43/raw_prototype/scores.npz,prototype,43,,734.6641962073077,0.42304281388526277,293.6570080847894,0.618602759890185,0.6948570136885512,0.618602759890185,0.018945918015845678,0.13604525862068967,0.047952586206896554,0.10371767241379311,0.618602759890185,648.5915549193942,0.42304281388526277,487.4706334207504,0.618602759890185,0.6948570136885512,0.618602759890185,0.03384429900103341,0.18238146551724138,0.047952586206896554,0.10371767241379311,0.618602759890185
avenue_within_raw,scene_mean,scene_mean_prototype,0.09676969051361084,,runs/avenue_within_raw/seed_43/scene_mean_prototype/scores.npz,prototype,43,,734.6642037425677,0.42304281388526277,293.6570080847894,0.618602759890185,0.6948570136885512,0.618602759890185,0.018945918015845678,0.13604525862068967,0.047952586206896554,0.10371767241379311,0.618602759890185,648.5915536638106,0.42304281388526277,487.4706334207504,0.618602759890185,0.6948570136885512,0.618602759890185,0.03384429900103341,0.18238146551724138,0.047952586206896554,0.10371767241379311,0.618602759890185
ped2_to_avenue_raw,raw,raw_knn,1.0,,runs/ped2_to_avenue_raw/seed_13/raw_knn/scores.npz,knn,13,,265.8026200125154,0.19128157324547604,499.216913744142,0.37378312194875696,0.3442224219200661,0.37378312194875696,1.0,1.0,0.002963362068965517,0.009159482758620689,0.37378312194875696,3493.6553994444957,0.19128157324547604,0.0,0.37378312194875696,0.3442224219200661,0.37378312194875696,0.0,0.0,0.002963362068965517,0.009159482758620689,0.37378312194875696
ped2_to_avenue_raw,raw,raw_gaussian,1.0,,runs/ped2_to_avenue_raw/seed_13/raw_gaussian/scores.npz,gaussian,13,,765.612364261681,0.20003216727428388,499.216913744142,0.3566570922470215,0.3289734708950813,0.3566570922470215,1.0,1.0,0.010775862068965518,0.01697198275862069,0.3566570922470215,25723.494048588764,0.20003216727428388,0.0,0.3566570922470215,0.3289734708950813,0.3566570922470215,0.0,0.003771551724137931,0.010775862068965518,0.01697198275862069,0.3566570922470215
ped2_to_avenue_raw,raw,raw_prototype,1.0,,runs/ped2_to_avenue_raw/seed_13/raw_prototype/scores.npz,prototype,13,,258.20685676222547,0.19181219089062068,499.216913744142,0.37802621043777546,0.34335948559660506,0.37802621043777546,1.0,1.0,0.002963362068965517,0.007543103448275862,0.37802621043777546,3568.394239096393,0.19181219089062068,0.0,0.37802621043777546,0.34335948559660506,0.37802621043777546,0.0,0.0,0.002963362068965517,0.007543103448275862,0.37802621043777546
ped2_to_avenue_raw,scene_mean,scene_mean_prototype,0.0856514647603035,,runs/ped2_to_avenue_raw/seed_13/scene_mean_prototype/scores.npz,prototype,13,,258.2068559606786,0.19181219089062068,499.216913744142,0.37802621043777546,0.34335948559660506,0.37802621043777546,1.0,1.0,0.002963362068965517,0.007543103448275862,0.37802621043777546,3568.3942323350566,0.19181219089062068,0.0,0.37802621043777546,0.34335948559660506,0.37802621043777546,0.0,0.0,0.002963362068965517,0.007543103448275862,0.37802621043777546
ped2_to_avenue_raw,raw,raw_prototype,1.0,,runs/ped2_to_avenue_raw/seed_29/raw_prototype/scores.npz,prototype,29,,269.79764903712476,0.18979733743052868,499.216913744142,0.372374706011617,0.3418145129190811,0.372374706011617,1.0,1.0,0.002963362068965517,0.007004310344827586,0.372374706011617,3565.627516951793,0.18979733743052868,0.0,0.372374706011617,0.3418145129190811,0.372374706011617,0.0,0.0,0.002963362068965517,0.007004310344827586,0.372374706011617
ped2_to_avenue_raw,scene_mean,scene_mean_prototype,0.0856514647603035,,runs/ped2_to_avenue_raw/seed_29/scene_mean_prototype/scores.npz,prototype,29,,269.79764664546525,0.18979733743052868,499.216913744142,0.372374706011617,0.3418145129190811,0.372374706011617,1.0,1.0,0.002963362068965517,0.007004310344827586,0.372374706011617,3565.627533554727,0.18979733743052868,0.0,0.372374706011617,0.3418145129190811,0.372374706011617,0.0,0.0,0.002963362068965517,0.007004310344827586,0.372374706011617
ped2_to_avenue_raw,raw,raw_prototype,1.0,,runs/ped2_to_avenue_raw/seed_43/raw_prototype/scores.npz,prototype,43,,257.62803047701345,0.19136029726089318,499.216913744142,0.3774408784536211,0.3440666897096303,0.3774408784536211,1.0,1.0,0.002963362068965517,0.007273706896551724,0.3774408784536211,3568.394239096393,0.19136029726089318,0.0,0.3774408784536211,0.3440666897096303,0.3774408784536211,0.0,0.0,0.002963362068965517,0.007273706896551724,0.3774408784536211
ped2_to_avenue_raw,scene_mean,scene_mean_prototype,0.0856514647603035,,runs/ped2_to_avenue_raw/seed_43/scene_mean_prototype/scores.npz,prototype,43,,257.62803246744863,0.1913603058926927,499.216913744142,0.37744090165346195,0.3440666897096303,0.37744090165346195,1.0,1.0,0.002963362068965517,0.007273706896551724,0.37744090165346195,3568.3942323350566,0.1913603058926927,0.0,0.37744090165346195,0.3440666897096303,0.37744090165346195,0.0,0.0,0.002963362068965517,0.007273706896551724,0.37744090165346195
avenue_to_ped2_raw,raw,raw_knn,1.0,,runs/avenue_to_ped2_raw/seed_13/raw_knn/scores.npz,knn,13,,447.4952581951544,0.9057300707074043,143.28358250382377,0.6540507831357614,0.7216140025152309,0.6540507831357614,1.0,1.0,0.044902912621359224,0.12742718446601942,0.6540507831357614,2967.6685641137246,0.9057300707074043,17.91044781297797,0.6540507831357614,0.7216140025152309,0.6540507831357614,0.0027624309392265192,0.05157766990291262,0.044902912621359224,0.12742718446601942,0.6540507831357614
avenue_to_ped2_raw,raw,raw_gaussian,1.0,,runs/avenue_to_ped2_raw/seed_13/raw_gaussian/scores.npz,gaussian,13,,1763.9155624116017,0.9209619169884193,143.28358250382377,0.6929360215630531,0.7556663775273507,0.6929360215630531,1.0,1.0,0.10436893203883495,0.22269417475728157,0.6929360215630531,18914.9472836165,0.9209619169884193,17.91044781297797,0.6929360215630531,0.7556663775273507,0.6929360215630531,0.0027624309392265192,0.16201456310679613,0.10436893203883495,0.22269417475728157,0.6929360215630531
avenue_to_ped2_raw,raw,raw_prototype,1.0,,runs/avenue_to_ped2_raw/seed_13/raw_prototype/scores.npz,prototype,13,,481.89296468072916,0.8281079957016555,143.28358250382377,0.5142178029287132,0.5867928960577538,0.5142178029287132,1.0,1.0,0.0036407766990291263,0.021237864077669904,0.5142178029287132,3218.071369904932,0.8281079957016555,17.91044781297797,0.5142178029287132,0.5867928960577538,0.5142178029287132,0.0027624309392265192,0.00424757281553398,0.0036407766990291263,0.021237864077669904,0.5142178029287132
avenue_to_ped2_raw,scene_mean,scene_mean_prototype,0.09934490919113159,,runs/avenue_to_ped2_raw/seed_13/scene_mean_prototype/scores.npz,prototype,13,,481.8929652716538,0.8281079957016555,143.28358250382377,0.5142178029287132,0.5867928960577538,0.5142178029287132,1.0,1.0,0.0036407766990291263,0.021237864077669904,0.5142178029287132,3218.0713566079494,0.8281079957016555,17.91044781297797,0.5142178029287132,0.5867928960577538,0.5142178029287132,0.0027624309392265192,0.00424757281553398,0.0036407766990291263,0.021237864077669904,0.5142178029287132
avenue_to_ped2_raw,raw,raw_prototype,1.0,,runs/avenue_to_ped2_raw/seed_29/raw_prototype/scores.npz,prototype,29,,473.4616660011311,0.8614457937253117,143.28358250382377,0.5727116075738883,0.664706032740759,0.5727116075738883,1.0,1.0,0.018810679611650484,0.05157766990291262,0.5727116075738883,3276.515064385292,0.8614457937253117,0.0,0.5727116075738883,0.664706032740759,0.5727116075738883,0.0,0.017597087378640776,0.018810679611650484,0.05157766990291262,0.5727116075738883
avenue_to_ped2_raw,scene_mean,scene_mean_prototype,0.09934490919113159,,runs/avenue_to_ped2_raw/seed_29/scene_mean_prototype/scores.npz,prototype,29,,473.46166610451485,0.8614457937253117,143.28358250382377,0.5727116075738883,0.664706032740759,0.5727116075738883,1.0,1.0,0.018810679611650484,0.05157766990291262,0.5727116075738883,3276.5150856614296,0.8614457937253117,0.0,0.5727116075738883,0.664706032740759,0.5727116075738883,0.0,0.017597087378640776,0.018810679611650484,0.05157766990291262,0.5727116075738883
avenue_to_ped2_raw,raw,raw_prototype,1.0,,runs/avenue_to_ped2_raw/seed_43/raw_prototype/scores.npz,prototype,43,,481.89296468072916,0.8295210799838352,143.28358250382377,0.5190855817196803,0.5836251610863152,0.5190855817196803,1.0,1.0,0.00424757281553398,0.02063106796116505,0.5190855817196803,3225.0902721913235,0.8295210799838352,17.91044781297797,0.5190855817196803,0.5836251610863152,0.5190855817196803,0.0027624309392265192,0.00424757281553398,0.00424757281553398,0.02063106796116505,0.5190855817196803
avenue_to_ped2_raw,scene_mean,scene_mean_prototype,0.09934490919113159,,runs/avenue_to_ped2_raw/seed_43/scene_mean_prototype/scores.npz,prototype,43,,481.8929652716538,0.8295210799838352,143.28358250382377,0.5190855817196803,0.5836251610863152,0.5190855817196803,1.0,1.0,0.00424757281553398,0.02063106796116505,0.5190855817196803,3225.09025839357,0.8295210799838352,17.91044781297797,0.5190855817196803,0.5836251610863152,0.5190855817196803,0.0027624309392265192,0.00424757281553398,0.00424757281553398,0.02063106796116505,0.5190855817196803
ped2_avenue_joint_seen_mechanism,raw,raw_knn,1.0,1.0,runs/ped2_avenue_joint_seen_mechanism/seed_13/raw_knn/scores.npz,knn,13,,236.53126231922107,0.5025329900708541,720.9199464625964,0.7446704992635604,0.7573178007114182,0.6723456325770513,0.22239853014865543,0.4955223880597015,0.03208955223880597,0.08768656716417911,0.6135615504769145,493.79480196328666,0.5025329900708541,526.3157891352698,0.7446704992635604,0.7573178007114182,0.6723456325770513,0.09629196592617338,0.20111940298507464,0.03208955223880597,0.08768656716417911,0.6135615504769145
ped2_avenue_joint_seen_mechanism,raw,raw_gaussian,1.0,1.0,runs/ped2_avenue_joint_seen_mechanism/seed_13/raw_gaussian/scores.npz,gaussian,13,,591.619886611812,0.5535600500615707,614.7722242840546,0.7531864278124283,0.7502816596422803,0.6884609284045781,0.16861533322198097,0.4281716417910448,0.05242537313432836,0.10820895522388059,0.6101517538708471,1026.6341464637235,0.5535600500615707,645.7319765861293,0.7531864278124283,0.7502816596422803,0.6884609284045781,0.08827459495573743,0.2994402985074627,0.05242537313432836,0.10820895522388059,0.6101517538708471
ped2_avenue_joint_seen_mechanism,raw,raw_prototype,1.0,1.0,runs/ped2_avenue_joint_seen_mechanism/seed_13/raw_prototype/scores.npz,prototype,13,,253.82838704793767,0.5016890097666148,796.1079163390635,0.7480678558021259,0.7507283902541909,0.6654797926602165,0.21914147319191582,0.4873134328358209,0.03675373134328358,0.08787313432835821,0.6138642156003896,519.184075820071,0.5016890097666148,513.0473238629521,0.7480678558021259,0.7507283902541909,0.6654797926602165,0.09746116585936195,0.21380597014925373,0.03675373134328358,0.08787313432835821,0.6138642156003896
ped2_avenue_joint_seen_mechanism,scene_mean,scene_mean_prototype,0.09749900549650192,0.2827529021558872,runs/ped2_avenue_joint_seen_mechanism/seed_13/scene_mean_prototype/scores.npz,prototype,13,,251.1611579123566,0.5000745774554254,800.5307380965028,0.7485153931361888,0.7539232322106941,0.6649506299719044,0.22164690162017706,0.4899253731343284,0.036940298507462686,0.0873134328358209,0.6133680174047061,519.1840738494195,0.5000745774554254,490.93321507575587,0.7485153931361888,0.7539232322106941,0.6649506299719044,0.09863036579255052,0.21119402985074626,0.036940298507462686,0.0873134328358209,0.6133680174047061
ped2_avenue_joint_seen_mechanism,adversarial_residual,adversarial_residual,1.0789566040039062,1.0,runs/ped2_avenue_joint_seen_mechanism/seed_13/adversarial_residual/scores.npz,prototype,13,0,254.78890772407658,0.5013702739359548,796.1079163390635,0.7485752298096287,0.750683523423409,0.6659457275589649,0.21864038750626358,0.4873134328358209,0.036380597014925374,0.0880597014925373,0.6144900777064749,518.441937908522,0.5013702739359548,521.8929673778306,0.7485752298096287,0.750683523423409,0.6659457275589649,0.0979622515450142,0.21380597014925373,0.036380597014925374,0.0880597014925373,0.6144900777064749
ped2_avenue_joint_seen_mechanism,full_srn,full_srn,1.0228155851364136,1.0,runs/ped2_avenue_joint_seen_mechanism/seed_13/full_srn/scores.npz,prototype,13,0,262.29360795832963,0.4994640162465182,782.8394510667458,0.7469079992867198,0.7484838795772325,0.6646351921700999,0.22147987305829298,0.4880597014925373,0.03787313432835821,0.08787313432835821,0.6133766245456543,551.2423198657361,0.4994640162465182,495.3560368331951,0.7469079992867198,0.7484838795772325,0.6646351921700999,0.09470519458827459,0.20746268656716418,0.03787313432835821,0.08787313432835821,0.6133766245456543
ped2_avenue_joint_seen_mechanism,srn_without_elos,srn_without_elos,0.9740024209022522,1.0,runs/ped2_avenue_joint_seen_mechanism/seed_13/srn_without_elos/scores.npz,prototype,13,0,262.5680818762153,0.498982381155254,831.4904903985774,0.7488191864883447,0.7508507641087631,0.6659107949063767,0.21663604476365458,0.4791044776119403,0.037686567164179105,0.08619402985074627,0.6141868093871382,530.0507042202989,0.498982381155254,459.97346277368115,0.7488191864883447,0.7508507641087631,0.6659107949063767,0.1012193085017538,0.21287313432835822,0.037686567164179105,0.08619402985074627,0.6141868093871382
ped2_avenue_joint_seen_mechanism,elos_without_srn,elos_without_srn,1.0,1.0,runs/ped2_avenue_joint_seen_mechanism/seed_13/elos_without_srn/scores.npz,prototype,13,,253.82838704793767,0.5016890097666148,796.1079163390635,0.7480678558021259,0.7507283902541909,0.6654797926602165,0.21914147319191582,0.4873134328358209,0.03675373134328358,0.08787313432835821,0.6138642156003896,519.184075820071,0.5016890097666148,513.0473238629521,0.7480678558021259,0.7507283902541909,0.6654797926602165,0.09746116585936195,0.21380597014925373,0.03675373134328358,0.08787313432835821,0.6138642156003896
ped2_avenue_joint_seen_mechanism,srn_residual_only,srn_residual_only,1.0515378713607788,1.0,runs/ped2_avenue_joint_seen_mechanism/seed_13/srn_residual_only/scores.npz,prototype,13,0,263.0828946372594,0.5057829940552961,760.7253422795496,0.7487114278550862,0.7526295107658141,0.667400745770064,0.21855687322532152,0.49011194029850746,0.03451492537313433,0.08675373134328358,0.6156123236069702,535.7931340140894,0.5057829940552961,557.2755414373445,0.7487114278550862,0.7526295107658141,0.667400745770064,0.08276265241356272,0.21044776119402986,0.03451492537313433,0.08675373134328358,0.6156123236069702
ped2_avenue_joint_seen_mechanism,raw,raw_prototype,1.0,1.0,runs/ped2_avenue_joint_seen_mechanism/seed_29/raw_prototype/scores.npz,prototype,29,,250.9634574410693,0.49998570417743815,840.3361339134559,0.7465952241136354,0.7512917369494074,0.6645526906556245,0.22323367295807583,0.4944029850746269,0.03619402985074627,0.0871268656716418,0.6130276525398815,519.184075820071,0.49998570417743815,517.4701456203913,0.7465952241136354,0.7512917369494074,0.6645526906556245,0.09704359445465174,0.21026119402985075,0.03619402985074627,0.0871268656716418,0.6130276525398815
ped2_avenue_joint_seen_mechanism,scene_mean,scene_mean_prototype,0.09749900549650192,0.2827529021558872,runs/ped2_avenue_joint_seen_mechanism/seed_29/scene_mean_prototype/scores.npz,prototype,29,,250.7703436966358,0.49737303206805633,804.953559853942,0.748001307387232,0.757192260208977,0.6664120675642997,0.22139635877735092,0.4906716417910448,0.03619402985074627,0.08190298507462687,0.6157006918006936,519.1840738494195,0.49737303206805633,495.3560368331951,0.748001307387232,0.757192260208977,0.6664120675642997,0.10230499415400034,0.20914179104477612,0.03619402985074627,0.08190298507462687,0.6157006918006936
ped2_avenue_joint_seen_mechanism,adversarial_residual,adversarial_residual,1.0433928966522217,1.0,runs/ped2_avenue_joint_seen_mechanism/seed_29/adversarial_residual/scores.npz,prototype,29,0,250.79295058486287,0.500149474214207,844.7589556708951,0.7470096421417796,0.7493786967324156,0.6653256651850153,0.2221479873058293,0.49402985074626865,0.03470149253731343,0.0871268656716418,0.6136905415919323,517.1855216438889,0.500149474214207,504.2016803480736,0.7470096421417796,0.7493786967324156,0.6653256651850153,0.09821279438784032,0.21100746268656717,0.03470149253731343,0.0871268656716418,0.6136905415919323
ped2_avenue_joint_seen_mechanism,full_srn,full_srn,1.017095923423767,1.0,runs/ped2_avenue_joint_seen_mechanism/seed_29/full_srn/scores.npz,prototype,29,0,258.32612493791385,0.5019199023840225,791.6850945816243,0.7487118884303525,0.7498672331945139,0.6676519430158377,0.21905795891097377,0.4878731343283582,0.03712686567164179,0.08787313432835821,0.6158747370066043,534.2487972946747,0.5019199023840225,490.93321507575587,0.7487118884303525,0.7498672331945139,0.6676519430158377,0.09754468014030399,0.21324626865671642,0.03712686567164179,0.08787313432835821,0.6158747370066043
ped2_avenue_joint_seen_mechanism,srn_without_elos,srn_without_elos,1.0609068870544434,1.0,runs/ped2_avenue_joint_seen_mechanism/seed_29/srn_without_elos/scores.npz,prototype,29,0,260.9812423182584,0.4982769411252573,844.7589556708951,0.7466914239280149,0.7508186092711419,0.6643945121145567,0.22106230165358276,0.4966417910447761,0.0416044776119403,0.08899253731343283,0.6124271942595056,527.1478221019015,0.4982769411252573,455.5506410162419,0.7466914239280149,0.7508186092711419,0.6643945121145567,0.10881910806747953,0.21865671641791046,0.0416044776119403,0.08899253731343283,0.6124271942595056
ped2_avenue_joint_seen_mechanism,elos_without_srn,elos_without_srn,1.0,1.0,runs/ped2_avenue_joint_seen_mechanism/seed_29/elos_without_srn/scores.npz,prototype,29,,250.9634574410693,0.49998570417743815,840.3361339134559,0.7465952241136354,0.7512917369494074,0.6645526906556245,0.22323367295807583,0.4944029850746269,0.03619402985074627,0.0871268656716418,0.6130276525398815,519.184075820071,0.49998570417743815,517.4701456203913,0.7465952241136354,0.7512917369494074,0.6645526906556245,0.09704359445465174,0.21026119402985075,0.03619402985074627,0.0871268656716418,0.6130276525398815
ped2_avenue_joint_seen_mechanism,srn_residual_only,srn_residual_only,1.0049338340759277,1.0,runs/ped2_avenue_joint_seen_mechanism/seed_29/srn_residual_only/scores.npz,prototype,29,0,258.4603443582164,0.5031830252851893,827.0676686411382,0.7462544750981233,0.7498478490180046,0.6674923621827392,0.22198095874394522,0.4960820895522388,0.035634328358208955,0.08507462686567165,0.6157740496973998,535.8842504592644,0.5031830252851893,544.0070761650268,0.7462544750981233,0.7498478490180046,0.6674923621827392,0.09537330883581092,0.21417910447761193,0.035634328358208955,0.08507462686567165,0.6157740496973998
ped2_avenue_joint_seen_mechanism,raw,raw_prototype,1.0,1.0,runs/ped2_avenue_joint_seen_mechanism/seed_43/raw_prototype/scores.npz,prototype,43,,320.7304480071257,0.49867990533211226,720.9199464625964,0.7510161323733884,0.7581041208230546,0.6657886085274314,0.17487890429263403,0.40167910447761196,0.03526119402985075,0.08208955223880597,0.6137615331048737,519.184075820071,0.49867990533211226,490.93321507575587,0.7510161323733884,0.7581041208230546,0.6657886085274314,0.10314013696342074,0.2130597014925373,0.03526119402985075,0.08208955223880597,0.6137615331048737
ped2_avenue_joint_seen_mechanism,scene_mean,scene_mean_prototype,0.09749900549650192,0.2827529021558872,runs/ped2_avenue_joint_seen_mechanism/seed_43/scene_mean_prototype/scores.npz,prototype,43,,253.35439589631528,0.49795001178046094,787.2622728241851,0.7473510800281756,0.7583923769216959,0.6660336201072473,0.21722064473024888,0.48507462686567165,0.03488805970149254,0.08041044776119403,0.6157009933986245,519.1840738494195,0.49795001178046094,513.0473238629521,0.7473510800281756,0.7583923769216959,0.6660336201072473,0.10188742274929014,0.2126865671641791,0.03488805970149254,0.08041044776119403,0.6157009933986245
ped2_avenue_joint_seen_mechanism,adversarial_residual,adversarial_residual,1.0708447694778442,1.0,runs/ped2_avenue_joint_seen_mechanism/seed_43/adversarial_residual/scores.npz,prototype,43,0,318.53314224885935,0.4988281082823076,685.5373724030825,0.7513256243035797,0.757727538795306,0.6659591272383697,0.17596458994488057,0.403544776119403,0.035634328358208955,0.08097014925373135,0.6139178768322306,518.0121963088886,0.4988281082823076,490.93321507575587,0.7513256243035797,0.757727538795306,0.6659591272383697,0.103641222649073,0.21492537313432836,0.035634328358208955,0.08097014925373135,0.6139178768322306
ped2_avenue_joint_seen_mechanism,full_srn,full_srn,1.082656979560852,1.0,runs/ped2_avenue_joint_seen_mechanism/seed_43/full_srn/scores.npz,prototype,43,0,331.0168819458013,0.5027876534020835,720.9199464625964,0.7550059925775487,0.7541179100085552,0.6708508048533015,0.17571404710205446,0.4009328358208955,0.032276119402985075,0.08824626865671642,0.6196794877029708,537.4387199521775,0.5027876534020835,526.3157891352698,0.7550059925775487,0.7541179100085552,0.6708508048533015,0.0979622515450142,0.21287313432835822,0.032276119402985075,0.08824626865671642,0.6196794877029708
ped2_avenue_joint_seen_mechanism,srn_without_elos,srn_without_elos,1.0785131454467773,1.0,runs/ped2_avenue_joint_seen_mechanism/seed_43/srn_without_elos/scores.npz,prototype,43,0,331.2538821357898,0.5004257478393368,698.8058376754002,0.7526238788820911,0.760635950699838,0.6667080290878994,0.17588107566393854,0.40167910447761196,0.031529850746268656,0.08395522388059702,0.6149487849593761,539.6134619863033,0.5004257478393368,526.3157891352698,0.7526238788820911,0.760635950699838,0.6667080290878994,0.09954902288291298,0.21007462686567163,0.031529850746268656,0.08395522388059702,0.6149487849593761
ped2_avenue_joint_seen_mechanism,elos_without_srn,elos_without_srn,1.0,1.0,runs/ped2_avenue_joint_seen_mechanism/seed_43/elos_without_srn/scores.npz,prototype,43,,320.7304480071257,0.49867990533211226,720.9199464625964,0.7510161323733884,0.7581041208230546,0.6657886085274314,0.17487890429263403,0.40167910447761196,0.03526119402985075,0.08208955223880597,0.6137615331048737,519.184075820071,0.49867990533211226,490.93321507575587,0.7510161323733884,0.7581041208230546,0.6657886085274314,0.10314013696342074,0.2130597014925373,0.03526119402985075,0.08208955223880597,0.6137615331048737
ped2_avenue_joint_seen_mechanism,srn_residual_only,srn_residual_only,1.0974748134613037,1.0,runs/ped2_avenue_joint_seen_mechanism/seed_43/srn_residual_only/scores.npz,prototype,43,0,331.34505793967446,0.4970898172419307,681.1145506456432,0.7495868821211507,0.7557238732411091,0.6646867030306959,0.17446133288792384,0.3998134328358209,0.03414179104477612,0.07966417910447761,0.6118551325843063,538.6394320568938,0.4970898172419307,513.0473238629521,0.7495868821211507,0.7557238732411091,0.6646867030306959,0.10005010856856522,0.21044776119402986,0.03414179104477612,0.07966417910447761,0.6118551325843063
ped2_avenue_joint_lr_diagnostic,adversarial_residual,adversarial_residual_lr1e4,1.014294981956482,1.0,runs/ped2_avenue_joint_lr_diagnostic/seed_13/adversarial_residual_lr1e4/scores.npz,prototype,13,3,254.113501425717,0.5016701362589537,782.8394510667458,0.7482368162414417,0.7507050559806469,0.6656554219465558,0.21897444463003174,0.48656716417910445,0.03675373134328358,0.08787313432835821,0.6140646854250063,518.9000786016782,0.5016701362589537,504.2016803480736,0.7482368162414417,0.7507050559806469,0.6656554219465558,0.09729413729747786,0.21361940298507462,0.03675373134328358,0.08787313432835821,0.6140646854250063
ped2_avenue_joint_lr_diagnostic,full_srn,full_srn_lr1e4,1.0114637613296509,1.0,runs/ped2_avenue_joint_lr_diagnostic/seed_13/full_srn_lr1e4/scores.npz,prototype,13,0,262.7656239036851,0.4989512441861767,725.3427682200356,0.7463143004871047,0.7464744523012663,0.6652457189582404,0.21388007349256724,0.4787313432835821,0.03582089552238806,0.08656716417910448,0.6122177228966468,551.3455617512827,0.4989512441861767,504.2016803480736,0.7463143004871047,0.7464744523012663,0.6652457189582404,0.09428762318356439,0.2041044776119403,0.03582089552238806,0.08656716417910448,0.6122177228966468
ped2_avenue_joint_lr_diagnostic,adversarial_residual,adversarial_residual_lr1e4,1.0529125928878784,1.0,runs/ped2_avenue_joint_lr_diagnostic/seed_29/adversarial_residual_lr1e4/scores.npz,prototype,29,9,251.13754881017303,0.5000202292449474,844.7589556708951,0.7470418623950671,0.7494907629843305,0.6653714110672626,0.22223150158677135,0.49347014925373134,0.03488805970149254,0.08768656716417911,0.6138639372022996,517.8927706658683,0.5000202292449474,513.0473238629521,0.7470418623950671,0.7494907629843305,0.6653714110672626,0.09871388007349256,0.21156716417910448,0.03488805970149254,0.08768656716417911,0.6138639372022996
ped2_avenue_joint_lr_diagnostic,full_srn,full_srn_lr1e4,1.015525460243225,1.0,runs/ped2_avenue_joint_lr_diagnostic/seed_29/full_srn_lr1e4/scores.npz,prototype,29,1,259.5960424098921,0.5018419501567026,778.4166293093066,0.7489832179651137,0.7503493011174066,0.6679196561455293,0.21813930182061134,0.4871268656716418,0.03731343283582089,0.0873134328358209,0.6160737684410895,534.5394769350069,0.5018419501567026,486.51039331831663,0.7489832179651137,0.7503493011174066,0.6679196561455293,0.09746116585936195,0.21287313432835822,0.03731343283582089,0.0873134328358209,0.6160737684410895
ped2_avenue_joint_lr_diagnostic,adversarial_residual,adversarial_residual_lr1e4,1.025153636932373,1.0,runs/ped2_avenue_joint_lr_diagnostic/seed_43/adversarial_residual_lr1e4/scores.npz,prototype,43,5,319.6863973255031,0.4986068370463923,681.1145506456432,0.7511944643811277,0.7568673035933079,0.665834915326491,0.17571404710205446,0.40186567164179104,0.03600746268656716,0.08208955223880597,0.6138483237094207,518.5795448902904,0.4986068370463923,495.3560368331951,0.7511944643811277,0.7568673035933079,0.665834915326491,0.10397527977284116,0.21399253731343285,0.03600746268656716,0.08208955223880597,0.6138483237094207
ped2_avenue_joint_lr_diagnostic,full_srn,full_srn_lr1e4,1.0701278448104858,1.0,runs/ped2_avenue_joint_lr_diagnostic/seed_43/full_srn_lr1e4/scores.npz,prototype,43,0,330.747067657906,0.5036261499266317,729.7655899774749,0.7550533302735865,0.7547349744005816,0.6713136391285597,0.17529647569734425,0.40111940298507465,0.033022388059701493,0.08917910447761195,0.6198948518254006,533.3919522063156,0.5036261499266317,490.93321507575587,0.7550533302735865,0.7547349744005816,0.6713136391285597,0.09929848004008686,0.2162313432835821,0.033022388059701493,0.08917910447761195,0.6198948518254006
